frequency,period,a,b,amplitude,phase_rad,offset
99.81451121695318,0.010018583348331351,0.035620316917194826,0.028318856296540462,0.04550565458517771,0.6716968329886251,3.60993817615017
1497.2176682542977,0.0006679055565554234,0.01761098142964638,-0.021594584111896804,0.027865260269395214,-0.8866587306685217,3.60993817615017
109.7959623386485,0.009107803043937593,-0.0025416115027805386,0.020666387522633597,0.020822088326263817,1.6931647265084409,3.60993817615017
124.76813902119147,0.008014866678665081,-0.01669065977704539,0.0011926523802584868,0.016733216770639683,3.070257625598773,3.60993817615017
13.308601495593757,0.07513937511248513,-0.014876680827561082,-0.0006916836173105918,0.014892751883771493,-3.095131627903871,3.60993817615017
36.59865411288283,0.027323409131812776,0.009059507227489813,-0.01169394081409618,0.014792664498612973,-0.9116624215943872,3.60993817615017
1429.0110855893797,0.00069978463434212,0.007795247259199733,0.005774439576667928,0.009701032535593818,0.637563902381475,3.60993817615017
