rank,frequency,period,power,fap
1,112.08175368455164,0.008922058828722905,0.22759468930224566,
2,145.0469753564786,0.0068943181858313355,0.1739753336209799,
